unit,cycle,predicted_RUL,dataset,model_name,representation
1,31,125.20118630573954,FD001,candidate_03_B_quantile_a040_search_14,temporal_w50
2,49,118.58923969659917,FD001,candidate_03_B_quantile_a040_search_14,temporal_w50
3,126,49.054774028774055,FD001,candidate_03_B_quantile_a040_search_14,temporal_w50
4,106,97.18079547336501,FD001,candidate_03_B_quantile_a040_search_14,temporal_w50
5,98,100.11122773216866,FD001,candidate_03_B_quantile_a040_search_14,temporal_w50
6,105,112.02873159983712,FD001,candidate_03_B_quantile_a040_search_14,temporal_w50
7,160,104.11251267036835,FD001,candidate_03_B_quantile_a040_search_14,temporal_w50
8,166,98.46975085277565,FD001,candidate_03_B_quantile_a040_search_14,temporal_w50
9,55,110.06230817304575,FD001,candidate_03_B_quantile_a040_search_14,temporal_w50
10,192,73.38533686778784,FD001,candidate_03_B_quantile_a040_search_14,temporal_w50
11,83,107.18881022581982,FD001,candidate_03_B_quantile_a040_search_14,temporal_w50
12,217,91.28409319745857,FD001,candidate_03_B_quantile_a040_search_14,temporal_w50
13,195,76.01885471240561,FD001,candidate_03_B_quantile_a040_search_14,temporal_w50
14,46,110.72348630634463,FD001,candidate_03_B_quantile_a040_search_14,temporal_w50
15,76,110.65752765399812,FD001,candidate_03_B_quantile_a040_search_14,temporal_w50
16,113,98.48844157735167,FD001,candidate_03_B_quantile_a040_search_14,temporal_w50
17,165,54.77728552098955,FD001,candidate_03_B_quantile_a040_search_14,temporal_w50
18,133,32.547622628584364,FD001,candidate_03_B_quantile_a040_search_14,temporal_w50
19,135,81.51681704975671,FD001,candidate_03_B_quantile_a040_search_14,temporal_w50
20,184,10.919202155799342,FD001,candidate_03_B_quantile_a040_search_14,temporal_w50
21,148,65.7578740914254,FD001,candidate_03_B_quantile_a040_search_14,temporal_w50
22,39,124.14793250971653,FD001,candidate_03_B_quantile_a040_search_14,temporal_w50
23,130,119.55949709511017,FD001,candidate_03_B_quantile_a040_search_14,temporal_w50
24,186,23.691900126646928,FD001,candidate_03_B_quantile_a040_search_14,temporal_w50
25,48,123.62698408878954,FD001,candidate_03_B_quantile_a040_search_14,temporal_w50
26,76,119.81218259233411,FD001,candidate_03_B_quantile_a040_search_14,temporal_w50
27,140,69.07779180538941,FD001,candidate_03_B_quantile_a040_search_14,temporal_w50
28,158,98.3533582299649,FD001,candidate_03_B_quantile_a040_search_14,temporal_w50
29,171,95.98422171260732,FD001,candidate_03_B_quantile_a040_search_14,temporal_w50
30,143,87.51160069648162,FD001,candidate_03_B_quantile_a040_search_14,temporal_w50
31,196,9.565298504817202,FD001,candidate_03_B_quantile_a040_search_14,temporal_w50
32,145,54.54861682558828,FD001,candidate_03_B_quantile_a040_search_14,temporal_w50
33,50,107.25376224039377,FD001,candidate_03_B_quantile_a040_search_14,temporal_w50
34,203,6.088517703046219,FD001,candidate_03_B_quantile_a040_search_14,temporal_w50
35,198,16.909979649722022,FD001,candidate_03_B_quantile_a040_search_14,temporal_w50
36,126,29.902349182500338,FD001,candidate_03_B_quantile_a040_search_14,temporal_w50
37,121,33.00838644597739,FD001,candidate_03_B_quantile_a040_search_14,temporal_w50
38,125,58.2355237663365,FD001,candidate_03_B_quantile_a040_search_14,temporal_w50
39,37,126.0832143287619,FD001,candidate_03_B_quantile_a040_search_14,temporal_w50
40,133,35.10126281599854,FD001,candidate_03_B_quantile_a040_search_14,temporal_w50
41,123,21.65608679277778,FD001,candidate_03_B_quantile_a040_search_14,temporal_w50
42,156,13.253864922550077,FD001,candidate_03_B_quantile_a040_search_14,temporal_w50
43,172,52.924799283755746,FD001,candidate_03_B_quantile_a040_search_14,temporal_w50
44,54,119.2071700466043,FD001,candidate_03_B_quantile_a040_search_14,temporal_w50
45,152,85.12220995096665,FD001,candidate_03_B_quantile_a040_search_14,temporal_w50
46,146,52.14393361752142,FD001,candidate_03_B_quantile_a040_search_14,temporal_w50
47,73,106.21766949193352,FD001,candidate_03_B_quantile_a040_search_14,temporal_w50
48,78,115.94629439382012,FD001,candidate_03_B_quantile_a040_search_14,temporal_w50
49,303,12.626197335824596,FD001,candidate_03_B_quantile_a040_search_14,temporal_w50
50,74,102.21860319107812,FD001,candidate_03_B_quantile_a040_search_14,temporal_w50
51,144,104.7891571840239,FD001,candidate_03_B_quantile_a040_search_14,temporal_w50
52,189,34.316875473156394,FD001,candidate_03_B_quantile_a040_search_14,temporal_w50
53,164,26.610640797351298,FD001,candidate_03_B_quantile_a040_search_14,temporal_w50
54,121,112.37181968072967,FD001,candidate_03_B_quantile_a040_search_14,temporal_w50
55,113,116.81893164490472,FD001,candidate_03_B_quantile_a040_search_14,temporal_w50
56,136,12.98998014048133,FD001,candidate_03_B_quantile_a040_search_14,temporal_w50
57,160,97.62947691838245,FD001,candidate_03_B_quantile_a040_search_14,temporal_w50
58,176,38.08166754833618,FD001,candidate_03_B_quantile_a040_search_14,temporal_w50
59,94,107.91013545326626,FD001,candidate_03_B_quantile_a040_search_14,temporal_w50
60,147,95.67927159771494,FD001,candidate_03_B_quantile_a040_search_14,temporal_w50
61,159,27.261866828660335,FD001,candidate_03_B_quantile_a040_search_14,temporal_w50
62,232,43.786039324163895,FD001,candidate_03_B_quantile_a040_search_14,temporal_w50
63,155,70.5693260326666,FD001,candidate_03_B_quantile_a040_search_14,temporal_w50
64,168,26.905441560415472,FD001,candidate_03_B_quantile_a040_search_14,temporal_w50
65,71,112.9994525451969,FD001,candidate_03_B_quantile_a040_search_14,temporal_w50
66,147,18.185577604861923,FD001,candidate_03_B_quantile_a040_search_14,temporal_w50
67,71,116.58611618153364,FD001,candidate_03_B_quantile_a040_search_14,temporal_w50
68,187,10.18915178930249,FD001,candidate_03_B_quantile_a040_search_14,temporal_w50
69,54,119.51578190220226,FD001,candidate_03_B_quantile_a040_search_14,temporal_w50
70,152,81.3600959784187,FD001,candidate_03_B_quantile_a040_search_14,temporal_w50
71,68,119.0792647340568,FD001,candidate_03_B_quantile_a040_search_14,temporal_w50
72,131,58.01341193833571,FD001,candidate_03_B_quantile_a040_search_14,temporal_w50
73,112,112.55625490705444,FD001,candidate_03_B_quantile_a040_search_14,temporal_w50
74,137,112.53894449728168,FD001,candidate_03_B_quantile_a040_search_14,temporal_w50
75,88,97.60249840193092,FD001,candidate_03_B_quantile_a040_search_14,temporal_w50
76,205,7.586975373715431,FD001,candidate_03_B_quantile_a040_search_14,temporal_w50
77,162,29.493714200431747,FD001,candidate_03_B_quantile_a040_search_14,temporal_w50
78,72,121.55375242204421,FD001,candidate_03_B_quantile_a040_search_14,temporal_w50
79,101,83.93993868583232,FD001,candidate_03_B_quantile_a040_search_14,temporal_w50
80,133,80.7776278093449,FD001,candidate_03_B_quantile_a040_search_14,temporal_w50
81,213,7.85675827639635,FD001,candidate_03_B_quantile_a040_search_14,temporal_w50
82,162,8.861884654987705,FD001,candidate_03_B_quantile_a040_search_14,temporal_w50
83,73,119.86409944373386,FD001,candidate_03_B_quantile_a040_search_14,temporal_w50
84,172,44.99876184436351,FD001,candidate_03_B_quantile_a040_search_14,temporal_w50
85,34,123.13849566792176,FD001,candidate_03_B_quantile_a040_search_14,temporal_w50
86,110,104.94388753424474,FD001,candidate_03_B_quantile_a040_search_14,temporal_w50
87,56,112.86414232391031,FD001,candidate_03_B_quantile_a040_search_14,temporal_w50
88,68,112.65206434204734,FD001,candidate_03_B_quantile_a040_search_14,temporal_w50
89,177,105.36328331388964,FD001,candidate_03_B_quantile_a040_search_14,temporal_w50
90,146,27.783150032025475,FD001,candidate_03_B_quantile_a040_search_14,temporal_w50
91,234,32.69761082784564,FD001,candidate_03_B_quantile_a040_search_14,temporal_w50
92,150,19.840255501902753,FD001,candidate_03_B_quantile_a040_search_14,temporal_w50
93,244,53.47490860633274,FD001,candidate_03_B_quantile_a040_search_14,temporal_w50
94,133,64.99962440168565,FD001,candidate_03_B_quantile_a040_search_14,temporal_w50
95,89,117.91649653390492,FD001,candidate_03_B_quantile_a040_search_14,temporal_w50
96,97,113.23199506667382,FD001,candidate_03_B_quantile_a040_search_14,temporal_w50
97,134,103.03188844999369,FD001,candidate_03_B_quantile_a040_search_14,temporal_w50
98,121,80.72678192602531,FD001,candidate_03_B_quantile_a040_search_14,temporal_w50
99,97,103.28169224821383,FD001,candidate_03_B_quantile_a040_search_14,temporal_w50
100,198,21.505374189377754,FD001,candidate_03_B_quantile_a040_search_14,temporal_w50
1,258,18.99754524230957,FD002,xgb_condition_fault_sensitive_mid_guard,temporal_w50_condition_fault_sensitive_mid_guard
2,55,98.65638732910156,FD002,xgb_condition_fault_sensitive_mid_guard,temporal_w50_condition_fault_sensitive_mid_guard
3,165,101.09668731689453,FD002,xgb_condition_fault_sensitive_mid_guard,temporal_w50_condition_fault_sensitive_mid_guard
4,86,87.8607406616211,FD002,xgb_condition_fault_sensitive_mid_guard,temporal_w50_condition_fault_sensitive_mid_guard
5,148,13.226484298706055,FD002,xgb_condition_fault_sensitive_mid_guard,temporal_w50_condition_fault_sensitive_mid_guard
6,63,122.1531753540039,FD002,xgb_condition_fault_sensitive_mid_guard,temporal_w50_condition_fault_sensitive_mid_guard
7,184,6.885422706604004,FD002,xgb_condition_fault_sensitive_mid_guard,temporal_w50_condition_fault_sensitive_mid_guard
8,173,86.0074234008789,FD002,xgb_condition_fault_sensitive_mid_guard,temporal_w50_condition_fault_sensitive_mid_guard
9,161,8.897807121276855,FD002,xgb_condition_fault_sensitive_mid_guard,temporal_w50_condition_fault_sensitive_mid_guard
10,84,93.9974136352539,FD002,xgb_condition_fault_sensitive_mid_guard,temporal_w50_condition_fault_sensitive_mid_guard
11,162,6.2473673820495605,FD002,xgb_condition_fault_sensitive_mid_guard,temporal_w50_condition_fault_sensitive_mid_guard
12,74,96.52616882324219,FD002,xgb_condition_fault_sensitive_mid_guard,temporal_w50_condition_fault_sensitive_mid_guard
13,164,30.07278823852539,FD002,xgb_condition_fault_sensitive_mid_guard,temporal_w50_condition_fault_sensitive_mid_guard
14,160,7.244603157043457,FD002,xgb_condition_fault_sensitive_mid_guard,temporal_w50_condition_fault_sensitive_mid_guard
15,165,41.98527145385742,FD002,xgb_condition_fault_sensitive_mid_guard,temporal_w50_condition_fault_sensitive_mid_guard
16,88,74.4726791381836,FD002,xgb_condition_fault_sensitive_mid_guard,temporal_w50_condition_fault_sensitive_mid_guard
17,264,67.10916900634766,FD002,xgb_condition_fault_sensitive_mid_guard,temporal_w50_condition_fault_sensitive_mid_guard
18,40,113.46276092529297,FD002,xgb_condition_fault_sensitive_mid_guard,temporal_w50_condition_fault_sensitive_mid_guard
19,172,22.882238388061523,FD002,xgb_condition_fault_sensitive_mid_guard,temporal_w50_condition_fault_sensitive_mid_guard
20,101,56.551170349121094,FD002,xgb_condition_fault_sensitive_mid_guard,temporal_w50_condition_fault_sensitive_mid_guard
21,128,88.38885498046875,FD002,xgb_condition_fault_sensitive_mid_guard,temporal_w50_condition_fault_sensitive_mid_guard
22,159,15.318238258361816,FD002,xgb_condition_fault_sensitive_mid_guard,temporal_w50_condition_fault_sensitive_mid_guard
23,49,119.99859619140625,FD002,xgb_condition_fault_sensitive_mid_guard,temporal_w50_condition_fault_sensitive_mid_guard
24,210,69.8226089477539,FD002,xgb_condition_fault_sensitive_mid_guard,temporal_w50_condition_fault_sensitive_mid_guard
25,147,69.91276550292969,FD002,xgb_condition_fault_sensitive_mid_guard,temporal_w50_condition_fault_sensitive_mid_guard
26,76,107.6333999633789,FD002,xgb_condition_fault_sensitive_mid_guard,temporal_w50_condition_fault_sensitive_mid_guard
27,68,117.19165802001953,FD002,xgb_condition_fault_sensitive_mid_guard,temporal_w50_condition_fault_sensitive_mid_guard
28,23,119.08709716796875,FD002,xgb_condition_fault_sensitive_mid_guard,temporal_w50_condition_fault_sensitive_mid_guard
29,101,97.89566802978516,FD002,xgb_condition_fault_sensitive_mid_guard,temporal_w50_condition_fault_sensitive_mid_guard
30,184,67.72782135009766,FD002,xgb_condition_fault_sensitive_mid_guard,temporal_w50_condition_fault_sensitive_mid_guard
31,123,89.73595428466797,FD002,xgb_condition_fault_sensitive_mid_guard,temporal_w50_condition_fault_sensitive_mid_guard
32,170,12.640966415405273,FD002,xgb_condition_fault_sensitive_mid_guard,temporal_w50_condition_fault_sensitive_mid_guard
33,135,67.72853088378906,FD002,xgb_condition_fault_sensitive_mid_guard,temporal_w50_condition_fault_sensitive_mid_guard
34,52,126.32160186767578,FD002,xgb_condition_fault_sensitive_mid_guard,temporal_w50_condition_fault_sensitive_mid_guard
35,77,71.6661376953125,FD002,xgb_condition_fault_sensitive_mid_guard,temporal_w50_condition_fault_sensitive_mid_guard
36,163,81.83614349365234,FD002,xgb_condition_fault_sensitive_mid_guard,temporal_w50_condition_fault_sensitive_mid_guard
37,49,128.08497619628906,FD002,xgb_condition_fault_sensitive_mid_guard,temporal_w50_condition_fault_sensitive_mid_guard
38,127,67.35717010498047,FD002,xgb_condition_fault_sensitive_mid_guard,temporal_w50_condition_fault_sensitive_mid_guard
39,149,49.75983810424805,FD002,xgb_condition_fault_sensitive_mid_guard,temporal_w50_condition_fault_sensitive_mid_guard
40,183,31.368179321289062,FD002,xgb_condition_fault_sensitive_mid_guard,temporal_w50_condition_fault_sensitive_mid_guard
41,210,36.06962203979492,FD002,xgb_condition_fault_sensitive_mid_guard,temporal_w50_condition_fault_sensitive_mid_guard
42,137,24.943012237548828,FD002,xgb_condition_fault_sensitive_mid_guard,temporal_w50_condition_fault_sensitive_mid_guard
43,184,18.194026947021484,FD002,xgb_condition_fault_sensitive_mid_guard,temporal_w50_condition_fault_sensitive_mid_guard
44,164,8.342216491699219,FD002,xgb_condition_fault_sensitive_mid_guard,temporal_w50_condition_fault_sensitive_mid_guard
45,195,11.793904304504395,FD002,xgb_condition_fault_sensitive_mid_guard,temporal_w50_condition_fault_sensitive_mid_guard
46,132,108.1505355834961,FD002,xgb_condition_fault_sensitive_mid_guard,temporal_w50_condition_fault_sensitive_mid_guard
47,81,102.3358383178711,FD002,xgb_condition_fault_sensitive_mid_guard,temporal_w50_condition_fault_sensitive_mid_guard
48,132,15.316141128540039,FD002,xgb_condition_fault_sensitive_mid_guard,temporal_w50_condition_fault_sensitive_mid_guard
49,65,93.21785736083984,FD002,xgb_condition_fault_sensitive_mid_guard,temporal_w50_condition_fault_sensitive_mid_guard
50,164,7.586508274078369,FD002,xgb_condition_fault_sensitive_mid_guard,temporal_w50_condition_fault_sensitive_mid_guard
51,37,121.58250427246094,FD002,xgb_condition_fault_sensitive_mid_guard,temporal_w50_condition_fault_sensitive_mid_guard
52,165,65.81055450439453,FD002,xgb_condition_fault_sensitive_mid_guard,temporal_w50_condition_fault_sensitive_mid_guard
53,149,49.2701416015625,FD002,xgb_condition_fault_sensitive_mid_guard,temporal_w50_condition_fault_sensitive_mid_guard
54,74,110.48585510253906,FD002,xgb_condition_fault_sensitive_mid_guard,temporal_w50_condition_fault_sensitive_mid_guard
55,123,108.73909759521484,FD002,xgb_condition_fault_sensitive_mid_guard,temporal_w50_condition_fault_sensitive_mid_guard
56,73,124.4234848022461,FD002,xgb_condition_fault_sensitive_mid_guard,temporal_w50_condition_fault_sensitive_mid_guard
57,76,119.91411590576172,FD002,xgb_condition_fault_sensitive_mid_guard,temporal_w50_condition_fault_sensitive_mid_guard
58,247,36.94918441772461,FD002,xgb_condition_fault_sensitive_mid_guard,temporal_w50_condition_fault_sensitive_mid_guard
59,22,114.69182586669922,FD002,xgb_condition_fault_sensitive_mid_guard,temporal_w50_condition_fault_sensitive_mid_guard
60,144,79.2113265991211,FD002,xgb_condition_fault_sensitive_mid_guard,temporal_w50_condition_fault_sensitive_mid_guard
61,70,97.40128326416016,FD002,xgb_condition_fault_sensitive_mid_guard,temporal_w50_condition_fault_sensitive_mid_guard
62,205,33.503700256347656,FD002,xgb_condition_fault_sensitive_mid_guard,temporal_w50_condition_fault_sensitive_mid_guard
63,174,36.48872375488281,FD002,xgb_condition_fault_sensitive_mid_guard,temporal_w50_condition_fault_sensitive_mid_guard
64,233,11.438436508178711,FD002,xgb_condition_fault_sensitive_mid_guard,temporal_w50_condition_fault_sensitive_mid_guard
65,367,14.371908187866211,FD002,xgb_condition_fault_sensitive_mid_guard,temporal_w50_condition_fault_sensitive_mid_guard
66,63,107.5750961303711,FD002,xgb_condition_fault_sensitive_mid_guard,temporal_w50_condition_fault_sensitive_mid_guard
67,146,74.77377319335938,FD002,xgb_condition_fault_sensitive_mid_guard,temporal_w50_condition_fault_sensitive_mid_guard
68,218,54.06657028198242,FD002,xgb_condition_fault_sensitive_mid_guard,temporal_w50_condition_fault_sensitive_mid_guard
69,158,105.70933532714844,FD002,xgb_condition_fault_sensitive_mid_guard,temporal_w50_condition_fault_sensitive_mid_guard
70,264,13.403109550476074,FD002,xgb_condition_fault_sensitive_mid_guard,temporal_w50_condition_fault_sensitive_mid_guard
71,65,121.96092224121094,FD002,xgb_condition_fault_sensitive_mid_guard,temporal_w50_condition_fault_sensitive_mid_guard
72,143,97.31727600097656,FD002,xgb_condition_fault_sensitive_mid_guard,temporal_w50_condition_fault_sensitive_mid_guard
73,151,63.940673828125,FD002,xgb_condition_fault_sensitive_mid_guard,temporal_w50_condition_fault_sensitive_mid_guard
74,103,105.51666259765625,FD002,xgb_condition_fault_sensitive_mid_guard,temporal_w50_condition_fault_sensitive_mid_guard
75,192,82.19740295410156,FD002,xgb_condition_fault_sensitive_mid_guard,temporal_w50_condition_fault_sensitive_mid_guard
76,222,34.526405334472656,FD002,xgb_condition_fault_sensitive_mid_guard,temporal_w50_condition_fault_sensitive_mid_guard
77,67,99.8735580444336,FD002,xgb_condition_fault_sensitive_mid_guard,temporal_w50_condition_fault_sensitive_mid_guard
78,128,51.92549514770508,FD002,xgb_condition_fault_sensitive_mid_guard,temporal_w50_condition_fault_sensitive_mid_guard
79,113,86.1444091796875,FD002,xgb_condition_fault_sensitive_mid_guard,temporal_w50_condition_fault_sensitive_mid_guard
80,278,11.276595115661621,FD002,xgb_condition_fault_sensitive_mid_guard,temporal_w50_condition_fault_sensitive_mid_guard
81,76,111.31858825683594,FD002,xgb_condition_fault_sensitive_mid_guard,temporal_w50_condition_fault_sensitive_mid_guard
82,96,75.84453582763672,FD002,xgb_condition_fault_sensitive_mid_guard,temporal_w50_condition_fault_sensitive_mid_guard
83,21,122.46197509765625,FD002,xgb_condition_fault_sensitive_mid_guard,temporal_w50_condition_fault_sensitive_mid_guard
84,204,16.87596321105957,FD002,xgb_condition_fault_sensitive_mid_guard,temporal_w50_condition_fault_sensitive_mid_guard
85,183,52.1556510925293,FD002,xgb_condition_fault_sensitive_mid_guard,temporal_w50_condition_fault_sensitive_mid_guard
86,83,107.8495864868164,FD002,xgb_condition_fault_sensitive_mid_guard,temporal_w50_condition_fault_sensitive_mid_guard
87,131,18.497867584228516,FD002,xgb_condition_fault_sensitive_mid_guard,temporal_w50_condition_fault_sensitive_mid_guard
88,166,76.86011505126953,FD002,xgb_condition_fault_sensitive_mid_guard,temporal_w50_condition_fault_sensitive_mid_guard
89,59,100.58635711669922,FD002,xgb_condition_fault_sensitive_mid_guard,temporal_w50_condition_fault_sensitive_mid_guard
90,163,7.969776630401611,FD002,xgb_condition_fault_sensitive_mid_guard,temporal_w50_condition_fault_sensitive_mid_guard
91,278,9.236572265625,FD002,xgb_condition_fault_sensitive_mid_guard,temporal_w50_condition_fault_sensitive_mid_guard
92,123,75.00521850585938,FD002,xgb_condition_fault_sensitive_mid_guard,temporal_w50_condition_fault_sensitive_mid_guard
93,76,113.66097259521484,FD002,xgb_condition_fault_sensitive_mid_guard,temporal_w50_condition_fault_sensitive_mid_guard
94,117,99.05903625488281,FD002,xgb_condition_fault_sensitive_mid_guard,temporal_w50_condition_fault_sensitive_mid_guard
95,78,90.5390396118164,FD002,xgb_condition_fault_sensitive_mid_guard,temporal_w50_condition_fault_sensitive_mid_guard
96,140,56.69293975830078,FD002,xgb_condition_fault_sensitive_mid_guard,temporal_w50_condition_fault_sensitive_mid_guard
97,213,24.36292839050293,FD002,xgb_condition_fault_sensitive_mid_guard,temporal_w50_condition_fault_sensitive_mid_guard
98,113,83.85372924804688,FD002,xgb_condition_fault_sensitive_mid_guard,temporal_w50_condition_fault_sensitive_mid_guard
99,163,10.395647048950195,FD002,xgb_condition_fault_sensitive_mid_guard,temporal_w50_condition_fault_sensitive_mid_guard
100,149,15.554651260375977,FD002,xgb_condition_fault_sensitive_mid_guard,temporal_w50_condition_fault_sensitive_mid_guard
101,38,111.0852279663086,FD002,xgb_condition_fault_sensitive_mid_guard,temporal_w50_condition_fault_sensitive_mid_guard
102,122,15.486329078674316,FD002,xgb_condition_fault_sensitive_mid_guard,temporal_w50_condition_fault_sensitive_mid_guard
103,186,9.317361831665039,FD002,xgb_condition_fault_sensitive_mid_guard,temporal_w50_condition_fault_sensitive_mid_guard
104,141,97.73237609863281,FD002,xgb_condition_fault_sensitive_mid_guard,temporal_w50_condition_fault_sensitive_mid_guard
105,61,116.00941467285156,FD002,xgb_condition_fault_sensitive_mid_guard,temporal_w50_condition_fault_sensitive_mid_guard
106,72,92.72713470458984,FD002,xgb_condition_fault_sensitive_mid_guard,temporal_w50_condition_fault_sensitive_mid_guard
107,132,57.621543884277344,FD002,xgb_condition_fault_sensitive_mid_guard,temporal_w50_condition_fault_sensitive_mid_guard
108,174,107.83541107177734,FD002,xgb_condition_fault_sensitive_mid_guard,temporal_w50_condition_fault_sensitive_mid_guard
109,144,35.21014404296875,FD002,xgb_condition_fault_sensitive_mid_guard,temporal_w50_condition_fault_sensitive_mid_guard
110,219,62.39695739746094,FD002,xgb_condition_fault_sensitive_mid_guard,temporal_w50_condition_fault_sensitive_mid_guard
111,131,11.865674018859863,FD002,xgb_condition_fault_sensitive_mid_guard,temporal_w50_condition_fault_sensitive_mid_guard
112,109,76.32498931884766,FD002,xgb_condition_fault_sensitive_mid_guard,temporal_w50_condition_fault_sensitive_mid_guard
113,45,123.3271255493164,FD002,xgb_condition_fault_sensitive_mid_guard,temporal_w50_condition_fault_sensitive_mid_guard
114,153,110.24561309814453,FD002,xgb_condition_fault_sensitive_mid_guard,temporal_w50_condition_fault_sensitive_mid_guard
115,210,59.38143539428711,FD002,xgb_condition_fault_sensitive_mid_guard,temporal_w50_condition_fault_sensitive_mid_guard
116,171,4.051266193389893,FD002,xgb_condition_fault_sensitive_mid_guard,temporal_w50_condition_fault_sensitive_mid_guard
117,55,108.50494384765625,FD002,xgb_condition_fault_sensitive_mid_guard,temporal_w50_condition_fault_sensitive_mid_guard
118,97,100.70552062988281,FD002,xgb_condition_fault_sensitive_mid_guard,temporal_w50_condition_fault_sensitive_mid_guard
119,202,86.1946029663086,FD002,xgb_condition_fault_sensitive_mid_guard,temporal_w50_condition_fault_sensitive_mid_guard
120,160,15.136406898498535,FD002,xgb_condition_fault_sensitive_mid_guard,temporal_w50_condition_fault_sensitive_mid_guard
121,59,98.7597885131836,FD002,xgb_condition_fault_sensitive_mid_guard,temporal_w50_condition_fault_sensitive_mid_guard
122,29,119.10980987548828,FD002,xgb_condition_fault_sensitive_mid_guard,temporal_w50_condition_fault_sensitive_mid_guard
123,61,111.11102294921875,FD002,xgb_condition_fault_sensitive_mid_guard,temporal_w50_condition_fault_sensitive_mid_guard
124,149,8.068938255310059,FD002,xgb_condition_fault_sensitive_mid_guard,temporal_w50_condition_fault_sensitive_mid_guard
125,79,113.51194763183594,FD002,xgb_condition_fault_sensitive_mid_guard,temporal_w50_condition_fault_sensitive_mid_guard
126,99,103.4358901977539,FD002,xgb_condition_fault_sensitive_mid_guard,temporal_w50_condition_fault_sensitive_mid_guard
127,126,76.4072265625,FD002,xgb_condition_fault_sensitive_mid_guard,temporal_w50_condition_fault_sensitive_mid_guard
128,110,93.65487670898438,FD002,xgb_condition_fault_sensitive_mid_guard,temporal_w50_condition_fault_sensitive_mid_guard
129,218,73.02764892578125,FD002,xgb_condition_fault_sensitive_mid_guard,temporal_w50_condition_fault_sensitive_mid_guard
130,141,115.33796691894531,FD002,xgb_condition_fault_sensitive_mid_guard,temporal_w50_condition_fault_sensitive_mid_guard
131,73,123.0016098022461,FD002,xgb_condition_fault_sensitive_mid_guard,temporal_w50_condition_fault_sensitive_mid_guard
132,122,45.7830924987793,FD002,xgb_condition_fault_sensitive_mid_guard,temporal_w50_condition_fault_sensitive_mid_guard
133,186,48.223384857177734,FD002,xgb_condition_fault_sensitive_mid_guard,temporal_w50_condition_fault_sensitive_mid_guard
134,186,8.431836128234863,FD002,xgb_condition_fault_sensitive_mid_guard,temporal_w50_condition_fault_sensitive_mid_guard
135,120,121.6793212890625,FD002,xgb_condition_fault_sensitive_mid_guard,temporal_w50_condition_fault_sensitive_mid_guard
136,77,84.06587219238281,FD002,xgb_condition_fault_sensitive_mid_guard,temporal_w50_condition_fault_sensitive_mid_guard
137,226,62.40964889526367,FD002,xgb_condition_fault_sensitive_mid_guard,temporal_w50_condition_fault_sensitive_mid_guard
138,200,5.4491472244262695,FD002,xgb_condition_fault_sensitive_mid_guard,temporal_w50_condition_fault_sensitive_mid_guard
139,116,63.67417526245117,FD002,xgb_condition_fault_sensitive_mid_guard,temporal_w50_condition_fault_sensitive_mid_guard
140,306,50.109561920166016,FD002,xgb_condition_fault_sensitive_mid_guard,temporal_w50_condition_fault_sensitive_mid_guard
141,69,107.90695190429688,FD002,xgb_condition_fault_sensitive_mid_guard,temporal_w50_condition_fault_sensitive_mid_guard
142,163,47.98567581176758,FD002,xgb_condition_fault_sensitive_mid_guard,temporal_w50_condition_fault_sensitive_mid_guard
143,226,60.85504150390625,FD002,xgb_condition_fault_sensitive_mid_guard,temporal_w50_condition_fault_sensitive_mid_guard
144,143,42.450706481933594,FD002,xgb_condition_fault_sensitive_mid_guard,temporal_w50_condition_fault_sensitive_mid_guard
145,142,92.19171142578125,FD002,xgb_condition_fault_sensitive_mid_guard,temporal_w50_condition_fault_sensitive_mid_guard
146,144,14.057637214660645,FD002,xgb_condition_fault_sensitive_mid_guard,temporal_w50_condition_fault_sensitive_mid_guard
147,78,118.45348358154297,FD002,xgb_condition_fault_sensitive_mid_guard,temporal_w50_condition_fault_sensitive_mid_guard
148,157,11.030303001403809,FD002,xgb_condition_fault_sensitive_mid_guard,temporal_w50_condition_fault_sensitive_mid_guard
149,70,121.69091033935547,FD002,xgb_condition_fault_sensitive_mid_guard,temporal_w50_condition_fault_sensitive_mid_guard
150,196,28.506040573120117,FD002,xgb_condition_fault_sensitive_mid_guard,temporal_w50_condition_fault_sensitive_mid_guard
151,141,78.266357421875,FD002,xgb_condition_fault_sensitive_mid_guard,temporal_w50_condition_fault_sensitive_mid_guard
152,90,78.89771270751953,FD002,xgb_condition_fault_sensitive_mid_guard,temporal_w50_condition_fault_sensitive_mid_guard
153,146,96.53799438476562,FD002,xgb_condition_fault_sensitive_mid_guard,temporal_w50_condition_fault_sensitive_mid_guard
154,58,119.03852081298828,FD002,xgb_condition_fault_sensitive_mid_guard,temporal_w50_condition_fault_sensitive_mid_guard
155,72,124.12350463867188,FD002,xgb_condition_fault_sensitive_mid_guard,temporal_w50_condition_fault_sensitive_mid_guard
156,75,113.15018463134766,FD002,xgb_condition_fault_sensitive_mid_guard,temporal_w50_condition_fault_sensitive_mid_guard
157,161,106.0545654296875,FD002,xgb_condition_fault_sensitive_mid_guard,temporal_w50_condition_fault_sensitive_mid_guard
158,171,19.9851131439209,FD002,xgb_condition_fault_sensitive_mid_guard,temporal_w50_condition_fault_sensitive_mid_guard
159,187,10.074021339416504,FD002,xgb_condition_fault_sensitive_mid_guard,temporal_w50_condition_fault_sensitive_mid_guard
160,124,40.322837829589844,FD002,xgb_condition_fault_sensitive_mid_guard,temporal_w50_condition_fault_sensitive_mid_guard
161,174,18.433568954467773,FD002,xgb_condition_fault_sensitive_mid_guard,temporal_w50_condition_fault_sensitive_mid_guard
162,185,41.89242172241211,FD002,xgb_condition_fault_sensitive_mid_guard,temporal_w50_condition_fault_sensitive_mid_guard
163,144,103.87362670898438,FD002,xgb_condition_fault_sensitive_mid_guard,temporal_w50_condition_fault_sensitive_mid_guard
164,199,13.015592575073242,FD002,xgb_condition_fault_sensitive_mid_guard,temporal_w50_condition_fault_sensitive_mid_guard
165,35,120.63390350341797,FD002,xgb_condition_fault_sensitive_mid_guard,temporal_w50_condition_fault_sensitive_mid_guard
166,97,118.09575653076172,FD002,xgb_condition_fault_sensitive_mid_guard,temporal_w50_condition_fault_sensitive_mid_guard
167,78,93.4182357788086,FD002,xgb_condition_fault_sensitive_mid_guard,temporal_w50_condition_fault_sensitive_mid_guard
168,107,69.30134582519531,FD002,xgb_condition_fault_sensitive_mid_guard,temporal_w50_condition_fault_sensitive_mid_guard
169,80,102.99874114990234,FD002,xgb_condition_fault_sensitive_mid_guard,temporal_w50_condition_fault_sensitive_mid_guard
170,85,107.0193862915039,FD002,xgb_condition_fault_sensitive_mid_guard,temporal_w50_condition_fault_sensitive_mid_guard
171,243,37.487972259521484,FD002,xgb_condition_fault_sensitive_mid_guard,temporal_w50_condition_fault_sensitive_mid_guard
172,128,102.65882110595703,FD002,xgb_condition_fault_sensitive_mid_guard,temporal_w50_condition_fault_sensitive_mid_guard
173,117,9.507208824157715,FD002,xgb_condition_fault_sensitive_mid_guard,temporal_w50_condition_fault_sensitive_mid_guard
174,51,108.06278991699219,FD002,xgb_condition_fault_sensitive_mid_guard,temporal_w50_condition_fault_sensitive_mid_guard
175,83,116.80162811279297,FD002,xgb_condition_fault_sensitive_mid_guard,temporal_w50_condition_fault_sensitive_mid_guard
176,200,19.599124908447266,FD002,xgb_condition_fault_sensitive_mid_guard,temporal_w50_condition_fault_sensitive_mid_guard
177,191,4.593525409698486,FD002,xgb_condition_fault_sensitive_mid_guard,temporal_w50_condition_fault_sensitive_mid_guard
178,54,101.68852233886719,FD002,xgb_condition_fault_sensitive_mid_guard,temporal_w50_condition_fault_sensitive_mid_guard
179,156,27.960933685302734,FD002,xgb_condition_fault_sensitive_mid_guard,temporal_w50_condition_fault_sensitive_mid_guard
180,154,101.12830352783203,FD002,xgb_condition_fault_sensitive_mid_guard,temporal_w50_condition_fault_sensitive_mid_guard
181,199,58.96123123168945,FD002,xgb_condition_fault_sensitive_mid_guard,temporal_w50_condition_fault_sensitive_mid_guard
182,134,16.06690788269043,FD002,xgb_condition_fault_sensitive_mid_guard,temporal_w50_condition_fault_sensitive_mid_guard
183,150,79.01546478271484,FD002,xgb_condition_fault_sensitive_mid_guard,temporal_w50_condition_fault_sensitive_mid_guard
184,64,129.13412475585938,FD002,xgb_condition_fault_sensitive_mid_guard,temporal_w50_condition_fault_sensitive_mid_guard
185,254,10.02728271484375,FD002,xgb_condition_fault_sensitive_mid_guard,temporal_w50_condition_fault_sensitive_mid_guard
186,166,7.041839122772217,FD002,xgb_condition_fault_sensitive_mid_guard,temporal_w50_condition_fault_sensitive_mid_guard
187,84,119.28368377685547,FD002,xgb_condition_fault_sensitive_mid_guard,temporal_w50_condition_fault_sensitive_mid_guard
188,86,108.54209899902344,FD002,xgb_condition_fault_sensitive_mid_guard,temporal_w50_condition_fault_sensitive_mid_guard
189,178,49.97603988647461,FD002,xgb_condition_fault_sensitive_mid_guard,temporal_w50_condition_fault_sensitive_mid_guard
190,158,11.737263679504395,FD002,xgb_condition_fault_sensitive_mid_guard,temporal_w50_condition_fault_sensitive_mid_guard
191,95,110.29984283447266,FD002,xgb_condition_fault_sensitive_mid_guard,temporal_w50_condition_fault_sensitive_mid_guard
192,161,15.218482971191406,FD002,xgb_condition_fault_sensitive_mid_guard,temporal_w50_condition_fault_sensitive_mid_guard
193,245,42.971641540527344,FD002,xgb_condition_fault_sensitive_mid_guard,temporal_w50_condition_fault_sensitive_mid_guard
194,50,122.22294616699219,FD002,xgb_condition_fault_sensitive_mid_guard,temporal_w50_condition_fault_sensitive_mid_guard
195,262,58.919395446777344,FD002,xgb_condition_fault_sensitive_mid_guard,temporal_w50_condition_fault_sensitive_mid_guard
196,109,117.24958038330078,FD002,xgb_condition_fault_sensitive_mid_guard,temporal_w50_condition_fault_sensitive_mid_guard
197,59,115.3421630859375,FD002,xgb_condition_fault_sensitive_mid_guard,temporal_w50_condition_fault_sensitive_mid_guard
198,120,45.16633224487305,FD002,xgb_condition_fault_sensitive_mid_guard,temporal_w50_condition_fault_sensitive_mid_guard
199,117,105.03278350830078,FD002,xgb_condition_fault_sensitive_mid_guard,temporal_w50_condition_fault_sensitive_mid_guard
200,60,116.3440933227539,FD002,xgb_condition_fault_sensitive_mid_guard,temporal_w50_condition_fault_sensitive_mid_guard
201,25,118.3029556274414,FD002,xgb_condition_fault_sensitive_mid_guard,temporal_w50_condition_fault_sensitive_mid_guard
202,124,74.94242858886719,FD002,xgb_condition_fault_sensitive_mid_guard,temporal_w50_condition_fault_sensitive_mid_guard
203,115,130.43515014648438,FD002,xgb_condition_fault_sensitive_mid_guard,temporal_w50_condition_fault_sensitive_mid_guard
204,41,117.67787170410156,FD002,xgb_condition_fault_sensitive_mid_guard,temporal_w50_condition_fault_sensitive_mid_guard
205,31,82.41090393066406,FD002,xgb_condition_fault_sensitive_mid_guard,temporal_w50_condition_fault_sensitive_mid_guard
206,162,63.57975769042969,FD002,xgb_condition_fault_sensitive_mid_guard,temporal_w50_condition_fault_sensitive_mid_guard
207,141,99.52635955810547,FD002,xgb_condition_fault_sensitive_mid_guard,temporal_w50_condition_fault_sensitive_mid_guard
208,166,10.571906089782715,FD002,xgb_condition_fault_sensitive_mid_guard,temporal_w50_condition_fault_sensitive_mid_guard
209,131,31.206947326660156,FD002,xgb_condition_fault_sensitive_mid_guard,temporal_w50_condition_fault_sensitive_mid_guard
210,182,5.95729398727417,FD002,xgb_condition_fault_sensitive_mid_guard,temporal_w50_condition_fault_sensitive_mid_guard
211,155,6.497629642486572,FD002,xgb_condition_fault_sensitive_mid_guard,temporal_w50_condition_fault_sensitive_mid_guard
212,187,48.36943435668945,FD002,xgb_condition_fault_sensitive_mid_guard,temporal_w50_condition_fault_sensitive_mid_guard
213,159,87.61628723144531,FD002,xgb_condition_fault_sensitive_mid_guard,temporal_w50_condition_fault_sensitive_mid_guard
214,75,105.9346694946289,FD002,xgb_condition_fault_sensitive_mid_guard,temporal_w50_condition_fault_sensitive_mid_guard
215,71,114.60509490966797,FD002,xgb_condition_fault_sensitive_mid_guard,temporal_w50_condition_fault_sensitive_mid_guard
216,100,82.87864685058594,FD002,xgb_condition_fault_sensitive_mid_guard,temporal_w50_condition_fault_sensitive_mid_guard
217,49,129.9161834716797,FD002,xgb_condition_fault_sensitive_mid_guard,temporal_w50_condition_fault_sensitive_mid_guard
218,33,131.9506072998047,FD002,xgb_condition_fault_sensitive_mid_guard,temporal_w50_condition_fault_sensitive_mid_guard
219,161,67.43868255615234,FD002,xgb_condition_fault_sensitive_mid_guard,temporal_w50_condition_fault_sensitive_mid_guard
220,54,115.63653564453125,FD002,xgb_condition_fault_sensitive_mid_guard,temporal_w50_condition_fault_sensitive_mid_guard
221,55,111.89508819580078,FD002,xgb_condition_fault_sensitive_mid_guard,temporal_w50_condition_fault_sensitive_mid_guard
222,180,74.4649658203125,FD002,xgb_condition_fault_sensitive_mid_guard,temporal_w50_condition_fault_sensitive_mid_guard
223,29,122.71788024902344,FD002,xgb_condition_fault_sensitive_mid_guard,temporal_w50_condition_fault_sensitive_mid_guard
224,43,113.18415069580078,FD002,xgb_condition_fault_sensitive_mid_guard,temporal_w50_condition_fault_sensitive_mid_guard
225,166,15.980816841125488,FD002,xgb_condition_fault_sensitive_mid_guard,temporal_w50_condition_fault_sensitive_mid_guard
226,165,65.75472259521484,FD002,xgb_condition_fault_sensitive_mid_guard,temporal_w50_condition_fault_sensitive_mid_guard
227,180,7.667176723480225,FD002,xgb_condition_fault_sensitive_mid_guard,temporal_w50_condition_fault_sensitive_mid_guard
228,44,109.54352569580078,FD002,xgb_condition_fault_sensitive_mid_guard,temporal_w50_condition_fault_sensitive_mid_guard
229,109,91.94415283203125,FD002,xgb_condition_fault_sensitive_mid_guard,temporal_w50_condition_fault_sensitive_mid_guard
230,125,123.27021789550781,FD002,xgb_condition_fault_sensitive_mid_guard,temporal_w50_condition_fault_sensitive_mid_guard
231,187,8.332942962646484,FD002,xgb_condition_fault_sensitive_mid_guard,temporal_w50_condition_fault_sensitive_mid_guard
232,159,67.34886932373047,FD002,xgb_condition_fault_sensitive_mid_guard,temporal_w50_condition_fault_sensitive_mid_guard
233,40,112.18158721923828,FD002,xgb_condition_fault_sensitive_mid_guard,temporal_w50_condition_fault_sensitive_mid_guard
234,147,95.61721801757812,FD002,xgb_condition_fault_sensitive_mid_guard,temporal_w50_condition_fault_sensitive_mid_guard
235,102,128.70687866210938,FD002,xgb_condition_fault_sensitive_mid_guard,temporal_w50_condition_fault_sensitive_mid_guard
236,274,17.321046829223633,FD002,xgb_condition_fault_sensitive_mid_guard,temporal_w50_condition_fault_sensitive_mid_guard
237,235,55.58500671386719,FD002,xgb_condition_fault_sensitive_mid_guard,temporal_w50_condition_fault_sensitive_mid_guard
238,94,105.74737548828125,FD002,xgb_condition_fault_sensitive_mid_guard,temporal_w50_condition_fault_sensitive_mid_guard
239,106,108.775634765625,FD002,xgb_condition_fault_sensitive_mid_guard,temporal_w50_condition_fault_sensitive_mid_guard
240,50,105.70225524902344,FD002,xgb_condition_fault_sensitive_mid_guard,temporal_w50_condition_fault_sensitive_mid_guard
241,44,133.2694091796875,FD002,xgb_condition_fault_sensitive_mid_guard,temporal_w50_condition_fault_sensitive_mid_guard
242,194,13.754191398620605,FD002,xgb_condition_fault_sensitive_mid_guard,temporal_w50_condition_fault_sensitive_mid_guard
243,40,118.97476196289062,FD002,xgb_condition_fault_sensitive_mid_guard,temporal_w50_condition_fault_sensitive_mid_guard
244,49,119.58963012695312,FD002,xgb_condition_fault_sensitive_mid_guard,temporal_w50_condition_fault_sensitive_mid_guard
245,265,10.757604598999023,FD002,xgb_condition_fault_sensitive_mid_guard,temporal_w50_condition_fault_sensitive_mid_guard
246,80,108.42739868164062,FD002,xgb_condition_fault_sensitive_mid_guard,temporal_w50_condition_fault_sensitive_mid_guard
247,87,122.67269897460938,FD002,xgb_condition_fault_sensitive_mid_guard,temporal_w50_condition_fault_sensitive_mid_guard
248,162,67.1476058959961,FD002,xgb_condition_fault_sensitive_mid_guard,temporal_w50_condition_fault_sensitive_mid_guard
249,36,128.86106872558594,FD002,xgb_condition_fault_sensitive_mid_guard,temporal_w50_condition_fault_sensitive_mid_guard
250,234,24.65749740600586,FD002,xgb_condition_fault_sensitive_mid_guard,temporal_w50_condition_fault_sensitive_mid_guard
251,64,112.51323699951172,FD002,xgb_condition_fault_sensitive_mid_guard,temporal_w50_condition_fault_sensitive_mid_guard
252,249,6.67189359664917,FD002,xgb_condition_fault_sensitive_mid_guard,temporal_w50_condition_fault_sensitive_mid_guard
253,139,36.093711853027344,FD002,xgb_condition_fault_sensitive_mid_guard,temporal_w50_condition_fault_sensitive_mid_guard
254,131,43.951866149902344,FD002,xgb_condition_fault_sensitive_mid_guard,temporal_w50_condition_fault_sensitive_mid_guard
255,150,119.98553466796875,FD002,xgb_condition_fault_sensitive_mid_guard,temporal_w50_condition_fault_sensitive_mid_guard
256,59,111.94769287109375,FD002,xgb_condition_fault_sensitive_mid_guard,temporal_w50_condition_fault_sensitive_mid_guard
257,199,37.018341064453125,FD002,xgb_condition_fault_sensitive_mid_guard,temporal_w50_condition_fault_sensitive_mid_guard
258,98,114.85467529296875,FD002,xgb_condition_fault_sensitive_mid_guard,temporal_w50_condition_fault_sensitive_mid_guard
259,123,77.06210327148438,FD002,xgb_condition_fault_sensitive_mid_guard,temporal_w50_condition_fault_sensitive_mid_guard
1,233,52.31481595806564,FD003,fd003_lgbm_w50_cap125_quantile_a04_none_fault_sensitive,temporal_w50_fault_sensitive
2,124,51.14287778785755,FD003,fd003_lgbm_w50_cap125_quantile_a04_none_fault_sensitive,temporal_w50_fault_sensitive
3,234,34.27891395314462,FD003,fd003_lgbm_w50_cap125_quantile_a04_none_fault_sensitive,temporal_w50_fault_sensitive
4,68,116.99911439213263,FD003,fd003_lgbm_w50_cap125_quantile_a04_none_fault_sensitive,temporal_w50_fault_sensitive
5,138,107.93044762611264,FD003,fd003_lgbm_w50_cap125_quantile_a04_none_fault_sensitive,temporal_w50_fault_sensitive
6,64,114.19857292625507,FD003,fd003_lgbm_w50_cap125_quantile_a04_none_fault_sensitive,temporal_w50_fault_sensitive
7,158,61.49323628640623,FD003,fd003_lgbm_w50_cap125_quantile_a04_none_fault_sensitive,temporal_w50_fault_sensitive
8,192,49.127594110772314,FD003,fd003_lgbm_w50_cap125_quantile_a04_none_fault_sensitive,temporal_w50_fault_sensitive
9,238,42.469131472832736,FD003,fd003_lgbm_w50_cap125_quantile_a04_none_fault_sensitive,temporal_w50_fault_sensitive
10,131,79.54838830629282,FD003,fd003_lgbm_w50_cap125_quantile_a04_none_fault_sensitive,temporal_w50_fault_sensitive
11,103,92.82914634378997,FD003,fd003_lgbm_w50_cap125_quantile_a04_none_fault_sensitive,temporal_w50_fault_sensitive
12,146,103.04410903604315,FD003,fd003_lgbm_w50_cap125_quantile_a04_none_fault_sensitive,temporal_w50_fault_sensitive
13,65,118.26562038563188,FD003,fd003_lgbm_w50_cap125_quantile_a04_none_fault_sensitive,temporal_w50_fault_sensitive
14,169,26.130287241294276,FD003,fd003_lgbm_w50_cap125_quantile_a04_none_fault_sensitive,temporal_w50_fault_sensitive
15,112,123.83177644996661,FD003,fd003_lgbm_w50_cap125_quantile_a04_none_fault_sensitive,temporal_w50_fault_sensitive
16,126,102.49445437794105,FD003,fd003_lgbm_w50_cap125_quantile_a04_none_fault_sensitive,temporal_w50_fault_sensitive
17,230,122.29335892040123,FD003,fd003_lgbm_w50_cap125_quantile_a04_none_fault_sensitive,temporal_w50_fault_sensitive
18,244,112.03759474439723,FD003,fd003_lgbm_w50_cap125_quantile_a04_none_fault_sensitive,temporal_w50_fault_sensitive
19,115,108.0749035852898,FD003,fd003_lgbm_w50_cap125_quantile_a04_none_fault_sensitive,temporal_w50_fault_sensitive
20,207,50.39523685924762,FD003,fd003_lgbm_w50_cap125_quantile_a04_none_fault_sensitive,temporal_w50_fault_sensitive
21,263,15.318731741861674,FD003,fd003_lgbm_w50_cap125_quantile_a04_none_fault_sensitive,temporal_w50_fault_sensitive
22,119,123.22632774067074,FD003,fd003_lgbm_w50_cap125_quantile_a04_none_fault_sensitive,temporal_w50_fault_sensitive
23,405,70.50884911975776,FD003,fd003_lgbm_w50_cap125_quantile_a04_none_fault_sensitive,temporal_w50_fault_sensitive
24,475,10.60331595727389,FD003,fd003_lgbm_w50_cap125_quantile_a04_none_fault_sensitive,temporal_w50_fault_sensitive
25,169,38.140171207947645,FD003,fd003_lgbm_w50_cap125_quantile_a04_none_fault_sensitive,temporal_w50_fault_sensitive
26,130,11.651045827065058,FD003,fd003_lgbm_w50_cap125_quantile_a04_none_fault_sensitive,temporal_w50_fault_sensitive
27,104,121.16857046846214,FD003,fd003_lgbm_w50_cap125_quantile_a04_none_fault_sensitive,temporal_w50_fault_sensitive
28,70,122.27351602044097,FD003,fd003_lgbm_w50_cap125_quantile_a04_none_fault_sensitive,temporal_w50_fault_sensitive
29,89,122.07849945391371,FD003,fd003_lgbm_w50_cap125_quantile_a04_none_fault_sensitive,temporal_w50_fault_sensitive
30,333,72.60738842087247,FD003,fd003_lgbm_w50_cap125_quantile_a04_none_fault_sensitive,temporal_w50_fault_sensitive
31,152,82.55564855955984,FD003,fd003_lgbm_w50_cap125_quantile_a04_none_fault_sensitive,temporal_w50_fault_sensitive
32,120,74.07901203126443,FD003,fd003_lgbm_w50_cap125_quantile_a04_none_fault_sensitive,temporal_w50_fault_sensitive
33,180,69.65113577000922,FD003,fd003_lgbm_w50_cap125_quantile_a04_none_fault_sensitive,temporal_w50_fault_sensitive
34,105,91.74276340235436,FD003,fd003_lgbm_w50_cap125_quantile_a04_none_fault_sensitive,temporal_w50_fault_sensitive
35,144,119.26026925124454,FD003,fd003_lgbm_w50_cap125_quantile_a04_none_fault_sensitive,temporal_w50_fault_sensitive
36,90,122.91610288719329,FD003,fd003_lgbm_w50_cap125_quantile_a04_none_fault_sensitive,temporal_w50_fault_sensitive
37,47,128.1083347495772,FD003,fd003_lgbm_w50_cap125_quantile_a04_none_fault_sensitive,temporal_w50_fault_sensitive
38,133,25.719121850951243,FD003,fd003_lgbm_w50_cap125_quantile_a04_none_fault_sensitive,temporal_w50_fault_sensitive
39,310,7.6689629150177705,FD003,fd003_lgbm_w50_cap125_quantile_a04_none_fault_sensitive,temporal_w50_fault_sensitive
40,313,40.68349722709959,FD003,fd003_lgbm_w50_cap125_quantile_a04_none_fault_sensitive,temporal_w50_fault_sensitive
41,101,124.84585285720983,FD003,fd003_lgbm_w50_cap125_quantile_a04_none_fault_sensitive,temporal_w50_fault_sensitive
42,87,102.71964381908253,FD003,fd003_lgbm_w50_cap125_quantile_a04_none_fault_sensitive,temporal_w50_fault_sensitive
43,133,120.34360802599191,FD003,fd003_lgbm_w50_cap125_quantile_a04_none_fault_sensitive,temporal_w50_fault_sensitive
44,146,71.5397094008309,FD003,fd003_lgbm_w50_cap125_quantile_a04_none_fault_sensitive,temporal_w50_fault_sensitive
45,88,108.65427344524159,FD003,fd003_lgbm_w50_cap125_quantile_a04_none_fault_sensitive,temporal_w50_fault_sensitive
46,180,5.767253835676241,FD003,fd003_lgbm_w50_cap125_quantile_a04_none_fault_sensitive,temporal_w50_fault_sensitive
47,56,112.060977746454,FD003,fd003_lgbm_w50_cap125_quantile_a04_none_fault_sensitive,temporal_w50_fault_sensitive
48,179,49.57395352732649,FD003,fd003_lgbm_w50_cap125_quantile_a04_none_fault_sensitive,temporal_w50_fault_sensitive
49,211,115.55249699577494,FD003,fd003_lgbm_w50_cap125_quantile_a04_none_fault_sensitive,temporal_w50_fault_sensitive
50,147,15.197383203270896,FD003,fd003_lgbm_w50_cap125_quantile_a04_none_fault_sensitive,temporal_w50_fault_sensitive
51,118,76.74537605396594,FD003,fd003_lgbm_w50_cap125_quantile_a04_none_fault_sensitive,temporal_w50_fault_sensitive
52,38,124.71271449651015,FD003,fd003_lgbm_w50_cap125_quantile_a04_none_fault_sensitive,temporal_w50_fault_sensitive
53,108,102.05448682315061,FD003,fd003_lgbm_w50_cap125_quantile_a04_none_fault_sensitive,temporal_w50_fault_sensitive
54,50,113.80263839239758,FD003,fd003_lgbm_w50_cap125_quantile_a04_none_fault_sensitive,temporal_w50_fault_sensitive
55,203,37.281035317990046,FD003,fd003_lgbm_w50_cap125_quantile_a04_none_fault_sensitive,temporal_w50_fault_sensitive
56,162,74.4715757956349,FD003,fd003_lgbm_w50_cap125_quantile_a04_none_fault_sensitive,temporal_w50_fault_sensitive
57,158,72.14967836398446,FD003,fd003_lgbm_w50_cap125_quantile_a04_none_fault_sensitive,temporal_w50_fault_sensitive
58,119,55.62190124835897,FD003,fd003_lgbm_w50_cap125_quantile_a04_none_fault_sensitive,temporal_w50_fault_sensitive
59,149,45.50993437601331,FD003,fd003_lgbm_w50_cap125_quantile_a04_none_fault_sensitive,temporal_w50_fault_sensitive
60,112,113.38159608038616,FD003,fd003_lgbm_w50_cap125_quantile_a04_none_fault_sensitive,temporal_w50_fault_sensitive
61,78,124.63728778995267,FD003,fd003_lgbm_w50_cap125_quantile_a04_none_fault_sensitive,temporal_w50_fault_sensitive
62,224,56.5255749248726,FD003,fd003_lgbm_w50_cap125_quantile_a04_none_fault_sensitive,temporal_w50_fault_sensitive
63,137,122.96287321434059,FD003,fd003_lgbm_w50_cap125_quantile_a04_none_fault_sensitive,temporal_w50_fault_sensitive
64,271,22.611773413690663,FD003,fd003_lgbm_w50_cap125_quantile_a04_none_fault_sensitive,temporal_w50_fault_sensitive
65,79,122.8493852121695,FD003,fd003_lgbm_w50_cap125_quantile_a04_none_fault_sensitive,temporal_w50_fault_sensitive
66,122,90.37005377327081,FD003,fd003_lgbm_w50_cap125_quantile_a04_none_fault_sensitive,temporal_w50_fault_sensitive
67,186,111.97581033852282,FD003,fd003_lgbm_w50_cap125_quantile_a04_none_fault_sensitive,temporal_w50_fault_sensitive
68,188,93.65822148229739,FD003,fd003_lgbm_w50_cap125_quantile_a04_none_fault_sensitive,temporal_w50_fault_sensitive
69,105,108.22699774231035,FD003,fd003_lgbm_w50_cap125_quantile_a04_none_fault_sensitive,temporal_w50_fault_sensitive
70,84,86.62775008711165,FD003,fd003_lgbm_w50_cap125_quantile_a04_none_fault_sensitive,temporal_w50_fault_sensitive
71,367,24.27050084498443,FD003,fd003_lgbm_w50_cap125_quantile_a04_none_fault_sensitive,temporal_w50_fault_sensitive
72,232,49.719689847237674,FD003,fd003_lgbm_w50_cap125_quantile_a04_none_fault_sensitive,temporal_w50_fault_sensitive
73,109,114.383998379158,FD003,fd003_lgbm_w50_cap125_quantile_a04_none_fault_sensitive,temporal_w50_fault_sensitive
74,68,125.04262451221155,FD003,fd003_lgbm_w50_cap125_quantile_a04_none_fault_sensitive,temporal_w50_fault_sensitive
75,191,53.66304607090191,FD003,fd003_lgbm_w50_cap125_quantile_a04_none_fault_sensitive,temporal_w50_fault_sensitive
76,180,27.43829962984264,FD003,fd003_lgbm_w50_cap125_quantile_a04_none_fault_sensitive,temporal_w50_fault_sensitive
77,381,69.33289007153385,FD003,fd003_lgbm_w50_cap125_quantile_a04_none_fault_sensitive,temporal_w50_fault_sensitive
78,279,23.10902412746481,FD003,fd003_lgbm_w50_cap125_quantile_a04_none_fault_sensitive,temporal_w50_fault_sensitive
79,170,15.79228075810808,FD003,fd003_lgbm_w50_cap125_quantile_a04_none_fault_sensitive,temporal_w50_fault_sensitive
80,85,118.92170959577538,FD003,fd003_lgbm_w50_cap125_quantile_a04_none_fault_sensitive,temporal_w50_fault_sensitive
81,155,16.002575162238497,FD003,fd003_lgbm_w50_cap125_quantile_a04_none_fault_sensitive,temporal_w50_fault_sensitive
82,194,6.167598438096984,FD003,fd003_lgbm_w50_cap125_quantile_a04_none_fault_sensitive,temporal_w50_fault_sensitive
83,168,97.84129700296857,FD003,fd003_lgbm_w50_cap125_quantile_a04_none_fault_sensitive,temporal_w50_fault_sensitive
84,76,115.85502091761647,FD003,fd003_lgbm_w50_cap125_quantile_a04_none_fault_sensitive,temporal_w50_fault_sensitive
85,118,84.9026878103048,FD003,fd003_lgbm_w50_cap125_quantile_a04_none_fault_sensitive,temporal_w50_fault_sensitive
86,174,27.23422329745102,FD003,fd003_lgbm_w50_cap125_quantile_a04_none_fault_sensitive,temporal_w50_fault_sensitive
87,218,64.61911493137028,FD003,fd003_lgbm_w50_cap125_quantile_a04_none_fault_sensitive,temporal_w50_fault_sensitive
88,41,123.7312536113786,FD003,fd003_lgbm_w50_cap125_quantile_a04_none_fault_sensitive,temporal_w50_fault_sensitive
89,120,58.08834336005765,FD003,fd003_lgbm_w50_cap125_quantile_a04_none_fault_sensitive,temporal_w50_fault_sensitive
90,206,46.162211488732304,FD003,fd003_lgbm_w50_cap125_quantile_a04_none_fault_sensitive,temporal_w50_fault_sensitive
91,56,102.85123447975191,FD003,fd003_lgbm_w50_cap125_quantile_a04_none_fault_sensitive,temporal_w50_fault_sensitive
92,266,12.08145414145956,FD003,fd003_lgbm_w50_cap125_quantile_a04_none_fault_sensitive,temporal_w50_fault_sensitive
93,158,68.06924905219941,FD003,fd003_lgbm_w50_cap125_quantile_a04_none_fault_sensitive,temporal_w50_fault_sensitive
94,333,5.3898456167640685,FD003,fd003_lgbm_w50_cap125_quantile_a04_none_fault_sensitive,temporal_w50_fault_sensitive
95,213,106.00779065750231,FD003,fd003_lgbm_w50_cap125_quantile_a04_none_fault_sensitive,temporal_w50_fault_sensitive
96,358,90.56579011228999,FD003,fd003_lgbm_w50_cap125_quantile_a04_none_fault_sensitive,temporal_w50_fault_sensitive
97,95,123.28286942736588,FD003,fd003_lgbm_w50_cap125_quantile_a04_none_fault_sensitive,temporal_w50_fault_sensitive
98,182,17.53131480276693,FD003,fd003_lgbm_w50_cap125_quantile_a04_none_fault_sensitive,temporal_w50_fault_sensitive
99,289,7.447922449879374,FD003,fd003_lgbm_w50_cap125_quantile_a04_none_fault_sensitive,temporal_w50_fault_sensitive
100,247,21.572940962222358,FD003,fd003_lgbm_w50_cap125_quantile_a04_none_fault_sensitive,temporal_w50_fault_sensitive
1,230,21.55990982055664,FD004,fd004_xgb_fs_bin_weights_w70,temporal_w70_condition_fault_sensitive
2,153,33.729129791259766,FD004,fd004_xgb_fs_bin_weights_w70,temporal_w70_condition_fault_sensitive
3,141,121.84696960449219,FD004,fd004_xgb_fs_bin_weights_w70,temporal_w70_condition_fault_sensitive
4,208,79.5201187133789,FD004,fd004_xgb_fs_bin_weights_w70,temporal_w70_condition_fault_sensitive
5,51,111.04364013671875,FD004,fd004_xgb_fs_bin_weights_w70,temporal_w70_condition_fault_sensitive
6,146,98.79402160644531,FD004,fd004_xgb_fs_bin_weights_w70,temporal_w70_condition_fault_sensitive
7,54,105.43408966064453,FD004,fd004_xgb_fs_bin_weights_w70,temporal_w70_condition_fault_sensitive
8,248,15.229207992553711,FD004,fd004_xgb_fs_bin_weights_w70,temporal_w70_condition_fault_sensitive
9,284,89.64388275146484,FD004,fd004_xgb_fs_bin_weights_w70,temporal_w70_condition_fault_sensitive
10,23,118.2382583618164,FD004,fd004_xgb_fs_bin_weights_w70,temporal_w70_condition_fault_sensitive
11,82,119.83128356933594,FD004,fd004_xgb_fs_bin_weights_w70,temporal_w70_condition_fault_sensitive
12,270,13.10083293914795,FD004,fd004_xgb_fs_bin_weights_w70,temporal_w70_condition_fault_sensitive
13,227,77.0199966430664,FD004,fd004_xgb_fs_bin_weights_w70,temporal_w70_condition_fault_sensitive
14,102,100.90758514404297,FD004,fd004_xgb_fs_bin_weights_w70,temporal_w70_condition_fault_sensitive
15,168,24.82977867126465,FD004,fd004_xgb_fs_bin_weights_w70,temporal_w70_condition_fault_sensitive
16,240,115.0731430053711,FD004,fd004_xgb_fs_bin_weights_w70,temporal_w70_condition_fault_sensitive
17,334,97.31220245361328,FD004,fd004_xgb_fs_bin_weights_w70,temporal_w70_condition_fault_sensitive
18,247,79.10404968261719,FD004,fd004_xgb_fs_bin_weights_w70,temporal_w70_condition_fault_sensitive
19,24,125.21050262451172,FD004,fd004_xgb_fs_bin_weights_w70,temporal_w70_condition_fault_sensitive
20,115,94.81924438476562,FD004,fd004_xgb_fs_bin_weights_w70,temporal_w70_condition_fault_sensitive
21,202,83.19756317138672,FD004,fd004_xgb_fs_bin_weights_w70,temporal_w70_condition_fault_sensitive
22,158,19.867984771728516,FD004,fd004_xgb_fs_bin_weights_w70,temporal_w70_condition_fault_sensitive
23,162,27.89916229248047,FD004,fd004_xgb_fs_bin_weights_w70,temporal_w70_condition_fault_sensitive
24,174,123.41751861572266,FD004,fd004_xgb_fs_bin_weights_w70,temporal_w70_condition_fault_sensitive
25,486,42.8270263671875,FD004,fd004_xgb_fs_bin_weights_w70,temporal_w70_condition_fault_sensitive
26,90,110.7177963256836,FD004,fd004_xgb_fs_bin_weights_w70,temporal_w70_condition_fault_sensitive
27,144,83.04366302490234,FD004,fd004_xgb_fs_bin_weights_w70,temporal_w70_condition_fault_sensitive
28,20,131.49635314941406,FD004,fd004_xgb_fs_bin_weights_w70,temporal_w70_condition_fault_sensitive
29,216,65.86800384521484,FD004,fd004_xgb_fs_bin_weights_w70,temporal_w70_condition_fault_sensitive
30,229,106.68815612792969,FD004,fd004_xgb_fs_bin_weights_w70,temporal_w70_condition_fault_sensitive
31,134,13.150558471679688,FD004,fd004_xgb_fs_bin_weights_w70,temporal_w70_condition_fault_sensitive
32,260,16.966049194335938,FD004,fd004_xgb_fs_bin_weights_w70,temporal_w70_condition_fault_sensitive
33,107,120.30350494384766,FD004,fd004_xgb_fs_bin_weights_w70,temporal_w70_condition_fault_sensitive
34,361,74.99626159667969,FD004,fd004_xgb_fs_bin_weights_w70,temporal_w70_condition_fault_sensitive
35,278,24.119396209716797,FD004,fd004_xgb_fs_bin_weights_w70,temporal_w70_condition_fault_sensitive
36,159,69.20802307128906,FD004,fd004_xgb_fs_bin_weights_w70,temporal_w70_condition_fault_sensitive
37,345,65.83976745605469,FD004,fd004_xgb_fs_bin_weights_w70,temporal_w70_condition_fault_sensitive
38,125,15.879179000854492,FD004,fd004_xgb_fs_bin_weights_w70,temporal_w70_condition_fault_sensitive
39,214,84.2790298461914,FD004,fd004_xgb_fs_bin_weights_w70,temporal_w70_condition_fault_sensitive
40,266,10.848761558532715,FD004,fd004_xgb_fs_bin_weights_w70,temporal_w70_condition_fault_sensitive
41,414,83.09557342529297,FD004,fd004_xgb_fs_bin_weights_w70,temporal_w70_condition_fault_sensitive
42,200,34.79230499267578,FD004,fd004_xgb_fs_bin_weights_w70,temporal_w70_condition_fault_sensitive
43,120,60.721126556396484,FD004,fd004_xgb_fs_bin_weights_w70,temporal_w70_condition_fault_sensitive
44,406,48.315216064453125,FD004,fd004_xgb_fs_bin_weights_w70,temporal_w70_condition_fault_sensitive
45,78,123.63139343261719,FD004,fd004_xgb_fs_bin_weights_w70,temporal_w70_condition_fault_sensitive
46,37,121.1685791015625,FD004,fd004_xgb_fs_bin_weights_w70,temporal_w70_condition_fault_sensitive
47,224,26.595706939697266,FD004,fd004_xgb_fs_bin_weights_w70,temporal_w70_condition_fault_sensitive
48,214,48.23264694213867,FD004,fd004_xgb_fs_bin_weights_w70,temporal_w70_condition_fault_sensitive
49,273,23.24887466430664,FD004,fd004_xgb_fs_bin_weights_w70,temporal_w70_condition_fault_sensitive
50,206,83.72203826904297,FD004,fd004_xgb_fs_bin_weights_w70,temporal_w70_condition_fault_sensitive
51,137,104.36454010009766,FD004,fd004_xgb_fs_bin_weights_w70,temporal_w70_condition_fault_sensitive
52,58,128.8397216796875,FD004,fd004_xgb_fs_bin_weights_w70,temporal_w70_condition_fault_sensitive
53,67,114.82899475097656,FD004,fd004_xgb_fs_bin_weights_w70,temporal_w70_condition_fault_sensitive
54,81,106.11067962646484,FD004,fd004_xgb_fs_bin_weights_w70,temporal_w70_condition_fault_sensitive
55,103,123.1273422241211,FD004,fd004_xgb_fs_bin_weights_w70,temporal_w70_condition_fault_sensitive
56,180,73.62503051757812,FD004,fd004_xgb_fs_bin_weights_w70,temporal_w70_condition_fault_sensitive
57,121,116.58704376220703,FD004,fd004_xgb_fs_bin_weights_w70,temporal_w70_condition_fault_sensitive
58,185,7.253655433654785,FD004,fd004_xgb_fs_bin_weights_w70,temporal_w70_condition_fault_sensitive
59,37,124.4408187866211,FD004,fd004_xgb_fs_bin_weights_w70,temporal_w70_condition_fault_sensitive
60,135,114.08812713623047,FD004,fd004_xgb_fs_bin_weights_w70,temporal_w70_condition_fault_sensitive
61,396,52.14094543457031,FD004,fd004_xgb_fs_bin_weights_w70,temporal_w70_condition_fault_sensitive
62,240,35.759429931640625,FD004,fd004_xgb_fs_bin_weights_w70,temporal_w70_condition_fault_sensitive
63,158,122.91541290283203,FD004,fd004_xgb_fs_bin_weights_w70,temporal_w70_condition_fault_sensitive
64,251,53.98548889160156,FD004,fd004_xgb_fs_bin_weights_w70,temporal_w70_condition_fault_sensitive
65,186,14.151005744934082,FD004,fd004_xgb_fs_bin_weights_w70,temporal_w70_condition_fault_sensitive
66,97,108.36097717285156,FD004,fd004_xgb_fs_bin_weights_w70,temporal_w70_condition_fault_sensitive
67,150,38.803348541259766,FD004,fd004_xgb_fs_bin_weights_w70,temporal_w70_condition_fault_sensitive
68,241,53.123775482177734,FD004,fd004_xgb_fs_bin_weights_w70,temporal_w70_condition_fault_sensitive
69,162,11.429905891418457,FD004,fd004_xgb_fs_bin_weights_w70,temporal_w70_condition_fault_sensitive
70,190,36.70062255859375,FD004,fd004_xgb_fs_bin_weights_w70,temporal_w70_condition_fault_sensitive
71,292,18.77772331237793,FD004,fd004_xgb_fs_bin_weights_w70,temporal_w70_condition_fault_sensitive
72,118,119.69876861572266,FD004,fd004_xgb_fs_bin_weights_w70,temporal_w70_condition_fault_sensitive
73,149,25.0039005279541,FD004,fd004_xgb_fs_bin_weights_w70,temporal_w70_condition_fault_sensitive
74,223,94.44132232666016,FD004,fd004_xgb_fs_bin_weights_w70,temporal_w70_condition_fault_sensitive
75,203,125.98902130126953,FD004,fd004_xgb_fs_bin_weights_w70,temporal_w70_condition_fault_sensitive
76,48,117.03886413574219,FD004,fd004_xgb_fs_bin_weights_w70,temporal_w70_condition_fault_sensitive
77,108,37.51686477661133,FD004,fd004_xgb_fs_bin_weights_w70,temporal_w70_condition_fault_sensitive
78,106,88.78558349609375,FD004,fd004_xgb_fs_bin_weights_w70,temporal_w70_condition_fault_sensitive
79,184,74.61006164550781,FD004,fd004_xgb_fs_bin_weights_w70,temporal_w70_condition_fault_sensitive
80,112,110.5934066772461,FD004,fd004_xgb_fs_bin_weights_w70,temporal_w70_condition_fault_sensitive
81,60,120.4881591796875,FD004,fd004_xgb_fs_bin_weights_w70,temporal_w70_condition_fault_sensitive
82,146,20.55765151977539,FD004,fd004_xgb_fs_bin_weights_w70,temporal_w70_condition_fault_sensitive
83,274,122.69863891601562,FD004,fd004_xgb_fs_bin_weights_w70,temporal_w70_condition_fault_sensitive
84,88,119.43859100341797,FD004,fd004_xgb_fs_bin_weights_w70,temporal_w70_condition_fault_sensitive
85,174,119.72160339355469,FD004,fd004_xgb_fs_bin_weights_w70,temporal_w70_condition_fault_sensitive
86,254,64.06329345703125,FD004,fd004_xgb_fs_bin_weights_w70,temporal_w70_condition_fault_sensitive
87,167,117.26387023925781,FD004,fd004_xgb_fs_bin_weights_w70,temporal_w70_condition_fault_sensitive
88,140,71.10787963867188,FD004,fd004_xgb_fs_bin_weights_w70,temporal_w70_condition_fault_sensitive
89,285,62.32356643676758,FD004,fd004_xgb_fs_bin_weights_w70,temporal_w70_condition_fault_sensitive
90,118,102.4202880859375,FD004,fd004_xgb_fs_bin_weights_w70,temporal_w70_condition_fault_sensitive
91,144,57.77558898925781,FD004,fd004_xgb_fs_bin_weights_w70,temporal_w70_condition_fault_sensitive
92,116,100.3015365600586,FD004,fd004_xgb_fs_bin_weights_w70,temporal_w70_condition_fault_sensitive
93,200,113.30133819580078,FD004,fd004_xgb_fs_bin_weights_w70,temporal_w70_condition_fault_sensitive
94,105,119.15145111083984,FD004,fd004_xgb_fs_bin_weights_w70,temporal_w70_condition_fault_sensitive
95,110,123.17174530029297,FD004,fd004_xgb_fs_bin_weights_w70,temporal_w70_condition_fault_sensitive
96,123,113.23017120361328,FD004,fd004_xgb_fs_bin_weights_w70,temporal_w70_condition_fault_sensitive
97,51,110.24070739746094,FD004,fd004_xgb_fs_bin_weights_w70,temporal_w70_condition_fault_sensitive
98,82,113.47408294677734,FD004,fd004_xgb_fs_bin_weights_w70,temporal_w70_condition_fault_sensitive
99,237,43.77518081665039,FD004,fd004_xgb_fs_bin_weights_w70,temporal_w70_condition_fault_sensitive
100,196,19.051624298095703,FD004,fd004_xgb_fs_bin_weights_w70,temporal_w70_condition_fault_sensitive
101,166,17.21527099609375,FD004,fd004_xgb_fs_bin_weights_w70,temporal_w70_condition_fault_sensitive
102,443,21.12574577331543,FD004,fd004_xgb_fs_bin_weights_w70,temporal_w70_condition_fault_sensitive
103,145,12.929673194885254,FD004,fd004_xgb_fs_bin_weights_w70,temporal_w70_condition_fault_sensitive
104,65,122.4988784790039,FD004,fd004_xgb_fs_bin_weights_w70,temporal_w70_condition_fault_sensitive
105,351,82.31987762451172,FD004,fd004_xgb_fs_bin_weights_w70,temporal_w70_condition_fault_sensitive
106,148,75.24394226074219,FD004,fd004_xgb_fs_bin_weights_w70,temporal_w70_condition_fault_sensitive
107,121,51.15520095825195,FD004,fd004_xgb_fs_bin_weights_w70,temporal_w70_condition_fault_sensitive
108,145,115.26800537109375,FD004,fd004_xgb_fs_bin_weights_w70,temporal_w70_condition_fault_sensitive
109,66,126.31636810302734,FD004,fd004_xgb_fs_bin_weights_w70,temporal_w70_condition_fault_sensitive
110,348,60.34806442260742,FD004,fd004_xgb_fs_bin_weights_w70,temporal_w70_condition_fault_sensitive
111,342,31.570741653442383,FD004,fd004_xgb_fs_bin_weights_w70,temporal_w70_condition_fault_sensitive
112,88,99.29619598388672,FD004,fd004_xgb_fs_bin_weights_w70,temporal_w70_condition_fault_sensitive
113,132,10.384814262390137,FD004,fd004_xgb_fs_bin_weights_w70,temporal_w70_condition_fault_sensitive
114,218,25.135120391845703,FD004,fd004_xgb_fs_bin_weights_w70,temporal_w70_condition_fault_sensitive
115,82,121.65950012207031,FD004,fd004_xgb_fs_bin_weights_w70,temporal_w70_condition_fault_sensitive
116,161,13.4386625289917,FD004,fd004_xgb_fs_bin_weights_w70,temporal_w70_condition_fault_sensitive
117,97,111.314208984375,FD004,fd004_xgb_fs_bin_weights_w70,temporal_w70_condition_fault_sensitive
118,178,6.614097595214844,FD004,fd004_xgb_fs_bin_weights_w70,temporal_w70_condition_fault_sensitive
119,228,106.47779846191406,FD004,fd004_xgb_fs_bin_weights_w70,temporal_w70_condition_fault_sensitive
120,170,104.90493774414062,FD004,fd004_xgb_fs_bin_weights_w70,temporal_w70_condition_fault_sensitive
121,194,35.80854797363281,FD004,fd004_xgb_fs_bin_weights_w70,temporal_w70_condition_fault_sensitive
122,117,128.9921417236328,FD004,fd004_xgb_fs_bin_weights_w70,temporal_w70_condition_fault_sensitive
123,236,28.90492820739746,FD004,fd004_xgb_fs_bin_weights_w70,temporal_w70_condition_fault_sensitive
124,230,66.24381256103516,FD004,fd004_xgb_fs_bin_weights_w70,temporal_w70_condition_fault_sensitive
125,21,127.05847930908203,FD004,fd004_xgb_fs_bin_weights_w70,temporal_w70_condition_fault_sensitive
126,220,10.638467788696289,FD004,fd004_xgb_fs_bin_weights_w70,temporal_w70_condition_fault_sensitive
127,98,121.53706359863281,FD004,fd004_xgb_fs_bin_weights_w70,temporal_w70_condition_fault_sensitive
128,139,123.8949966430664,FD004,fd004_xgb_fs_bin_weights_w70,temporal_w70_condition_fault_sensitive
129,315,96.45112609863281,FD004,fd004_xgb_fs_bin_weights_w70,temporal_w70_condition_fault_sensitive
130,107,114.19768524169922,FD004,fd004_xgb_fs_bin_weights_w70,temporal_w70_condition_fault_sensitive
131,193,85.53238677978516,FD004,fd004_xgb_fs_bin_weights_w70,temporal_w70_condition_fault_sensitive
132,115,111.19206237792969,FD004,fd004_xgb_fs_bin_weights_w70,temporal_w70_condition_fault_sensitive
133,74,119.7537841796875,FD004,fd004_xgb_fs_bin_weights_w70,temporal_w70_condition_fault_sensitive
134,266,37.33173370361328,FD004,fd004_xgb_fs_bin_weights_w70,temporal_w70_condition_fault_sensitive
135,435,7.70959997177124,FD004,fd004_xgb_fs_bin_weights_w70,temporal_w70_condition_fault_sensitive
136,56,116.96485900878906,FD004,fd004_xgb_fs_bin_weights_w70,temporal_w70_condition_fault_sensitive
137,291,115.38258361816406,FD004,fd004_xgb_fs_bin_weights_w70,temporal_w70_condition_fault_sensitive
138,239,96.52944946289062,FD004,fd004_xgb_fs_bin_weights_w70,temporal_w70_condition_fault_sensitive
139,88,127.57697296142578,FD004,fd004_xgb_fs_bin_weights_w70,temporal_w70_condition_fault_sensitive
140,160,107.7195816040039,FD004,fd004_xgb_fs_bin_weights_w70,temporal_w70_condition_fault_sensitive
141,19,125.55303192138672,FD004,fd004_xgb_fs_bin_weights_w70,temporal_w70_condition_fault_sensitive
142,69,119.45336151123047,FD004,fd004_xgb_fs_bin_weights_w70,temporal_w70_condition_fault_sensitive
143,327,56.608299255371094,FD004,fd004_xgb_fs_bin_weights_w70,temporal_w70_condition_fault_sensitive
144,34,117.68647003173828,FD004,fd004_xgb_fs_bin_weights_w70,temporal_w70_condition_fault_sensitive
145,102,68.94872283935547,FD004,fd004_xgb_fs_bin_weights_w70,temporal_w70_condition_fault_sensitive
146,84,123.59589385986328,FD004,fd004_xgb_fs_bin_weights_w70,temporal_w70_condition_fault_sensitive
147,116,76.73917388916016,FD004,fd004_xgb_fs_bin_weights_w70,temporal_w70_condition_fault_sensitive
148,126,115.75335693359375,FD004,fd004_xgb_fs_bin_weights_w70,temporal_w70_condition_fault_sensitive
149,320,61.00508499145508,FD004,fd004_xgb_fs_bin_weights_w70,temporal_w70_condition_fault_sensitive
150,202,42.63080596923828,FD004,fd004_xgb_fs_bin_weights_w70,temporal_w70_condition_fault_sensitive
151,285,23.343690872192383,FD004,fd004_xgb_fs_bin_weights_w70,temporal_w70_condition_fault_sensitive
152,195,96.40748596191406,FD004,fd004_xgb_fs_bin_weights_w70,temporal_w70_condition_fault_sensitive
153,130,121.7513198852539,FD004,fd004_xgb_fs_bin_weights_w70,temporal_w70_condition_fault_sensitive
154,122,38.57679748535156,FD004,fd004_xgb_fs_bin_weights_w70,temporal_w70_condition_fault_sensitive
155,161,13.551307678222656,FD004,fd004_xgb_fs_bin_weights_w70,temporal_w70_condition_fault_sensitive
156,28,105.17729187011719,FD004,fd004_xgb_fs_bin_weights_w70,temporal_w70_condition_fault_sensitive
157,138,121.71930694580078,FD004,fd004_xgb_fs_bin_weights_w70,temporal_w70_condition_fault_sensitive
158,171,9.55734634399414,FD004,fd004_xgb_fs_bin_weights_w70,temporal_w70_condition_fault_sensitive
159,160,21.709009170532227,FD004,fd004_xgb_fs_bin_weights_w70,temporal_w70_condition_fault_sensitive
160,122,109.09265899658203,FD004,fd004_xgb_fs_bin_weights_w70,temporal_w70_condition_fault_sensitive
161,257,80.61458587646484,FD004,fd004_xgb_fs_bin_weights_w70,temporal_w70_condition_fault_sensitive
162,99,91.8373031616211,FD004,fd004_xgb_fs_bin_weights_w70,temporal_w70_condition_fault_sensitive
163,122,100.25636291503906,FD004,fd004_xgb_fs_bin_weights_w70,temporal_w70_condition_fault_sensitive
164,29,127.17520904541016,FD004,fd004_xgb_fs_bin_weights_w70,temporal_w70_condition_fault_sensitive
165,178,118.27873992919922,FD004,fd004_xgb_fs_bin_weights_w70,temporal_w70_condition_fault_sensitive
166,63,121.15116882324219,FD004,fd004_xgb_fs_bin_weights_w70,temporal_w70_condition_fault_sensitive
167,99,113.2494125366211,FD004,fd004_xgb_fs_bin_weights_w70,temporal_w70_condition_fault_sensitive
168,74,111.70665740966797,FD004,fd004_xgb_fs_bin_weights_w70,temporal_w70_condition_fault_sensitive
169,34,99.2128677368164,FD004,fd004_xgb_fs_bin_weights_w70,temporal_w70_condition_fault_sensitive
170,48,127.41388702392578,FD004,fd004_xgb_fs_bin_weights_w70,temporal_w70_condition_fault_sensitive
171,355,95.44401550292969,FD004,fd004_xgb_fs_bin_weights_w70,temporal_w70_condition_fault_sensitive
172,132,10.964412689208984,FD004,fd004_xgb_fs_bin_weights_w70,temporal_w70_condition_fault_sensitive
173,151,7.204617500305176,FD004,fd004_xgb_fs_bin_weights_w70,temporal_w70_condition_fault_sensitive
174,135,9.742000579833984,FD004,fd004_xgb_fs_bin_weights_w70,temporal_w70_condition_fault_sensitive
175,116,84.55670928955078,FD004,fd004_xgb_fs_bin_weights_w70,temporal_w70_condition_fault_sensitive
176,185,96.96044158935547,FD004,fd004_xgb_fs_bin_weights_w70,temporal_w70_condition_fault_sensitive
177,146,18.070634841918945,FD004,fd004_xgb_fs_bin_weights_w70,temporal_w70_condition_fault_sensitive
178,279,94.43621063232422,FD004,fd004_xgb_fs_bin_weights_w70,temporal_w70_condition_fault_sensitive
179,262,14.275032997131348,FD004,fd004_xgb_fs_bin_weights_w70,temporal_w70_condition_fault_sensitive
180,367,30.44965934753418,FD004,fd004_xgb_fs_bin_weights_w70,temporal_w70_condition_fault_sensitive
181,199,29.476604461669922,FD004,fd004_xgb_fs_bin_weights_w70,temporal_w70_condition_fault_sensitive
182,98,110.0862045288086,FD004,fd004_xgb_fs_bin_weights_w70,temporal_w70_condition_fault_sensitive
183,125,12.799349784851074,FD004,fd004_xgb_fs_bin_weights_w70,temporal_w70_condition_fault_sensitive
184,154,8.721426010131836,FD004,fd004_xgb_fs_bin_weights_w70,temporal_w70_condition_fault_sensitive
185,203,40.153541564941406,FD004,fd004_xgb_fs_bin_weights_w70,temporal_w70_condition_fault_sensitive
186,47,125.05601501464844,FD004,fd004_xgb_fs_bin_weights_w70,temporal_w70_condition_fault_sensitive
187,121,26.00438117980957,FD004,fd004_xgb_fs_bin_weights_w70,temporal_w70_condition_fault_sensitive
188,157,94.3813705444336,FD004,fd004_xgb_fs_bin_weights_w70,temporal_w70_condition_fault_sensitive
189,107,100.18629455566406,FD004,fd004_xgb_fs_bin_weights_w70,temporal_w70_condition_fault_sensitive
190,200,59.79269790649414,FD004,fd004_xgb_fs_bin_weights_w70,temporal_w70_condition_fault_sensitive
191,71,120.82691955566406,FD004,fd004_xgb_fs_bin_weights_w70,temporal_w70_condition_fault_sensitive
192,203,106.84485626220703,FD004,fd004_xgb_fs_bin_weights_w70,temporal_w70_condition_fault_sensitive
193,263,101.73119354248047,FD004,fd004_xgb_fs_bin_weights_w70,temporal_w70_condition_fault_sensitive
194,214,20.97644805908203,FD004,fd004_xgb_fs_bin_weights_w70,temporal_w70_condition_fault_sensitive
195,186,121.58026123046875,FD004,fd004_xgb_fs_bin_weights_w70,temporal_w70_condition_fault_sensitive
196,70,107.1473159790039,FD004,fd004_xgb_fs_bin_weights_w70,temporal_w70_condition_fault_sensitive
197,196,38.23874282836914,FD004,fd004_xgb_fs_bin_weights_w70,temporal_w70_condition_fault_sensitive
198,115,11.873093605041504,FD004,fd004_xgb_fs_bin_weights_w70,temporal_w70_condition_fault_sensitive
199,177,80.9400405883789,FD004,fd004_xgb_fs_bin_weights_w70,temporal_w70_condition_fault_sensitive
200,115,89.35533142089844,FD004,fd004_xgb_fs_bin_weights_w70,temporal_w70_condition_fault_sensitive
201,139,82.14446258544922,FD004,fd004_xgb_fs_bin_weights_w70,temporal_w70_condition_fault_sensitive
202,222,11.850412368774414,FD004,fd004_xgb_fs_bin_weights_w70,temporal_w70_condition_fault_sensitive
203,87,127.59257507324219,FD004,fd004_xgb_fs_bin_weights_w70,temporal_w70_condition_fault_sensitive
204,19,119.1882553100586,FD004,fd004_xgb_fs_bin_weights_w70,temporal_w70_condition_fault_sensitive
205,95,106.46260070800781,FD004,fd004_xgb_fs_bin_weights_w70,temporal_w70_condition_fault_sensitive
206,291,100.0123062133789,FD004,fd004_xgb_fs_bin_weights_w70,temporal_w70_condition_fault_sensitive
207,179,118.3632583618164,FD004,fd004_xgb_fs_bin_weights_w70,temporal_w70_condition_fault_sensitive
208,180,94.95942687988281,FD004,fd004_xgb_fs_bin_weights_w70,temporal_w70_condition_fault_sensitive
209,171,11.803558349609375,FD004,fd004_xgb_fs_bin_weights_w70,temporal_w70_condition_fault_sensitive
210,135,81.38834381103516,FD004,fd004_xgb_fs_bin_weights_w70,temporal_w70_condition_fault_sensitive
211,206,113.37602233886719,FD004,fd004_xgb_fs_bin_weights_w70,temporal_w70_condition_fault_sensitive
212,261,64.919921875,FD004,fd004_xgb_fs_bin_weights_w70,temporal_w70_condition_fault_sensitive
213,288,18.721248626708984,FD004,fd004_xgb_fs_bin_weights_w70,temporal_w70_condition_fault_sensitive
214,102,102.72051239013672,FD004,fd004_xgb_fs_bin_weights_w70,temporal_w70_condition_fault_sensitive
215,72,121.09235382080078,FD004,fd004_xgb_fs_bin_weights_w70,temporal_w70_condition_fault_sensitive
216,264,13.776082038879395,FD004,fd004_xgb_fs_bin_weights_w70,temporal_w70_condition_fault_sensitive
217,141,70.2947998046875,FD004,fd004_xgb_fs_bin_weights_w70,temporal_w70_condition_fault_sensitive
218,63,113.80976104736328,FD004,fd004_xgb_fs_bin_weights_w70,temporal_w70_condition_fault_sensitive
219,110,37.3238525390625,FD004,fd004_xgb_fs_bin_weights_w70,temporal_w70_condition_fault_sensitive
220,65,127.60377502441406,FD004,fd004_xgb_fs_bin_weights_w70,temporal_w70_condition_fault_sensitive
221,176,75.36091613769531,FD004,fd004_xgb_fs_bin_weights_w70,temporal_w70_condition_fault_sensitive
222,178,48.940574645996094,FD004,fd004_xgb_fs_bin_weights_w70,temporal_w70_condition_fault_sensitive
223,305,44.29124450683594,FD004,fd004_xgb_fs_bin_weights_w70,temporal_w70_condition_fault_sensitive
224,152,11.531364440917969,FD004,fd004_xgb_fs_bin_weights_w70,temporal_w70_condition_fault_sensitive
225,39,120.6330337524414,FD004,fd004_xgb_fs_bin_weights_w70,temporal_w70_condition_fault_sensitive
226,59,101.12744140625,FD004,fd004_xgb_fs_bin_weights_w70,temporal_w70_condition_fault_sensitive
227,62,127.07880401611328,FD004,fd004_xgb_fs_bin_weights_w70,temporal_w70_condition_fault_sensitive
228,126,128.7252655029297,FD004,fd004_xgb_fs_bin_weights_w70,temporal_w70_condition_fault_sensitive
229,20,130.86465454101562,FD004,fd004_xgb_fs_bin_weights_w70,temporal_w70_condition_fault_sensitive
230,157,98.30457305908203,FD004,fd004_xgb_fs_bin_weights_w70,temporal_w70_condition_fault_sensitive
231,230,28.601259231567383,FD004,fd004_xgb_fs_bin_weights_w70,temporal_w70_condition_fault_sensitive
232,370,109.5772933959961,FD004,fd004_xgb_fs_bin_weights_w70,temporal_w70_condition_fault_sensitive
233,111,109.0663070678711,FD004,fd004_xgb_fs_bin_weights_w70,temporal_w70_condition_fault_sensitive
234,179,67.51123046875,FD004,fd004_xgb_fs_bin_weights_w70,temporal_w70_condition_fault_sensitive
235,362,29.569324493408203,FD004,fd004_xgb_fs_bin_weights_w70,temporal_w70_condition_fault_sensitive
236,176,79.61579895019531,FD004,fd004_xgb_fs_bin_weights_w70,temporal_w70_condition_fault_sensitive
237,221,18.1578426361084,FD004,fd004_xgb_fs_bin_weights_w70,temporal_w70_condition_fault_sensitive
238,177,8.581364631652832,FD004,fd004_xgb_fs_bin_weights_w70,temporal_w70_condition_fault_sensitive
239,28,121.28387451171875,FD004,fd004_xgb_fs_bin_weights_w70,temporal_w70_condition_fault_sensitive
240,204,37.87605667114258,FD004,fd004_xgb_fs_bin_weights_w70,temporal_w70_condition_fault_sensitive
241,42,107.5230712890625,FD004,fd004_xgb_fs_bin_weights_w70,temporal_w70_condition_fault_sensitive
242,112,92.8597183227539,FD004,fd004_xgb_fs_bin_weights_w70,temporal_w70_condition_fault_sensitive
243,199,93.4953384399414,FD004,fd004_xgb_fs_bin_weights_w70,temporal_w70_condition_fault_sensitive
244,184,35.49876022338867,FD004,fd004_xgb_fs_bin_weights_w70,temporal_w70_condition_fault_sensitive
245,63,123.72917938232422,FD004,fd004_xgb_fs_bin_weights_w70,temporal_w70_condition_fault_sensitive
246,29,122.44218444824219,FD004,fd004_xgb_fs_bin_weights_w70,temporal_w70_condition_fault_sensitive
247,94,90.96500396728516,FD004,fd004_xgb_fs_bin_weights_w70,temporal_w70_condition_fault_sensitive
248,281,26.122234344482422,FD004,fd004_xgb_fs_bin_weights_w70,temporal_w70_condition_fault_sensitive
